year,pci
1965.0,-4276.8850428315345
1968.0,-1791.4898171634413
1975.5,4421.998247006908
2017.0,38803.29886874952
2020.0,41288.69409441762
